code_large,code_short,z1,z2,z3,PP1_Polarity,PP2_Hydrophobicity,PP3_H-bond,VHSE1,VHSE2,VHSE3,VHSE4,VHSE5,VHSE6,VHSE7,VHSE8,Am,Km,Dm
Ala,A,10.07,-1.73,0.09,3.19,-2.21,-0.82,0.15,-1.11,-1.35,-0.92,0.02,-0.91,0.36,-0.48,0.36,0.44,0.23
Arg,R,2.88,2.52,-3.44,-2.94,3.44,-2.56,-1.47,1.45,1.24,1.27,1.55,1.47,1.30,0.83,1.93,0.80,0.31
Asn,N,3.22,1.45,0.84,-3.03,-1.45,-0.04,-0.99,0.00,-0.37,0.69,-0.55,0.85,0.73,-0.80,0.93,0.50,0.30
Asp,D,3.64,1.13,2.36,-3.66,-2.74,2.60,-1.15,0.67,-0.41,-0.01,-2.68,1.31,0.03,0.56,0.86,0.43,0.37
Cys,C,0.71,-0.97,4.13,1.77,-1.02,-0.49,0.18,-1.67,-0.46,-0.21,0.00,1.20,-1.61,-0.19,0.67,0.50,0.25
Glu,E,3.08,0.39,-0.07,-3.45,-1.34,2.58,-0.96,0.12,0.18,0.16,0.09,0.42,-0.20,-0.41,1.00,0.58,0.38
Gln,Q,2.18,0.53,-1.14,-2.89,-0.34,0.99,-1.18,0.40,0.10,0.36,-2.16,-0.17,0.91,0.02,1.11,0.40,0.33
Gly,G,2.23,-5.36,0.30,2.91,-3.20,-1.26,-0.20,-1.53,-2.63,2.28,-0.53,-1.18,2.01,-1.34,0.23,0.54,0.32
His,H,2.41,1.74,1.11,-2.51,0.43,-0.95,-0.43,-0.25,0.37,0.19,0.51,1.28,0.93,0.65,1.06,0.76,0.27
Ile,I,-4.44,-1.68,-1.03,3.11,0.65,0.47,1.27,-0.14,0.30,-1.80,0.30,-1.61,-0.16,-0.13,0.98,0.58,0.27
Leu,L,-4.19,-1.03,-0.98,2.99,0.99,0.61,1.36,0.07,0.26,-0.80,0.22,-1.37,0.08,-0.62,1.15,0.52,0.34
Lys,K,2.84,1.41,-3.14,-2.25,1.27,-2.60,-1.17,0.70,0.70,0.80,1.64,0.67,1.63,0.13,1.54,0.81,0.33
Met,M,-2.49,-0.27,-0.41,2.69,1.01,0.22,1.01,-0.53,0.43,0.00,0.23,0.10,-0.86,-0.68,1.04,0.46,0.29
Phe,F,-4.92,1.30,0.45,2.80,2.81,1.52,1.52,0.61,0.96,-0.16,0.25,0.28,-1.33,-0.20,1.37,0.58,0.27
Pro,P,-1.22,0.88,2.23,2.65,-0.76,0.17,0.22,-0.17,-0.50,0.05,-0.01,-1.34,-0.19,3.56,0.55,0.49,0.29
Ser,S,1.96,-1.63,0.57,-1.58,-2.46,-1.48,-0.67,-0.86,-1.07,-0.41,-0.32,0.27,-0.64,0.11,0.47,0.39,0.28
Thr,T,0.92,-2.09,-1.40,-1.55,-1.72,-0.95,-0.34,-0.51,-0.55,-1.06,-0.06,-0.01,-0.79,0.39,0.69,0.49,0.31
Trp,W,-4.75,3.65,0.85,-0.38,4.94,1.11,1.50,2.06,1.79,0.75,0.75,-0.13,-1.01,-0.85,2.34,0.64,0.30
Tyr,Y,-1.39,2.32,0.01,-1.23,2.59,0.51,0.61,1.60,1.17,0.73,0.53,0.25,-0.96,-0.52,1.64,0.66,0.28
Val,V,-2.69,-2.53,-1.29,3.33,-0.87,0.36,0.76,-0.92,-0.17,-1.91,0.22,-1.40,-0.24,-0.03,0.71,0.51,0.30
